{"cameraMode":{"drawMode":0,"name":"Shaded","section":"Shading Mode"},"sceneLighting":true,"audioPlay":false,"sceneViewState":{"m_AlwaysRefresh":false,"showFog":true,"showSkybox":true,"showFlares":true,"showImageEffects":true,"showParticleSystems":true,"showVisualEffectGraphs":true,"m_FxEnabled":true},"in2DMode":false,"pivot":{"x":-0.00012683868408203125,"y":1.835099697113037,"z":0.0644589215517044},"rotation":{"x":0.1416492462158203,"y":-0.7500244379043579,"z":0.17047902941703797,"w":0.6231905817985535},"size":2.6922125816345217,"orthographic":false}